listing_id;title;price;url;market_category;size_m2;rooms;price_per_m2;deal_score;discount_percent
3408841719;Ruhige, hochwertig sanierte 3-Zimmer-Wohnung mit Balkon in Mainz-;1096;/s-anzeige/ruhige-hochwertig-sanierte-3-zimmer-wohnung-mit-balkon-in-mainz-/3408841719-203-5320;Apartment;87.0;3.0;12.6;4.77;27.46
3435898069;Stilvolle, voll möblierte 3-Zimmer-Wohnung in Mainz-Laubenheim;1150;/s-anzeige/stilvolle-voll-moeblierte-3-zimmer-wohnung-in-mainz-laubenheim/3435898069-203-5325;Apartment;75.0;3.0;15.33;2.04;11.75
3300518780;Wohnungsswap - 1 Zimmer, 64 m² - Klein-Winternheimer Straße, Mainz;1155;/s-anzeige/wohnungsswap-1-zimmer-64-m-klein-winternheimer-strasse-mainz/3300518780-203-5320;Apartment;64.0;1.0;18.05;-0.68;-3.91
3435793258;2 Zimmer-Wohnung, Schwimmbad, Gartennutzung, Mainz-Bretzenheim;750;/s-anzeige/2-zimmer-wohnung-schwimmbad-gartennutzung-mainz-bretzenheim/3435793258-203-5321;Apartment;50.0;2.0;15.0;2.37;13.65
3435788843;Wohnung zur Untermiete bis November;1000;/s-anzeige/wohnung-zur-untermiete-bis-november/3435788843-203-5317;Apartment;48.0;2.0;20.83;-3.46;-19.91
3372816381;Grüne Oase am De-La-Roche-Park Mainz. Das smarte Wohnloft mit 100-plus m² freut sich auf Sie!;1970;/s-anzeige/gruene-oase-am-de-la-roche-park-mainz-das-smarte-wohnloft-mit-100-plus-m-freut-sich-auf-sie-/3372816381-203-5323;Apartment;109.0;2.0;18.07;-0.7;-4.02
3409013138;TAUSCHWOHNUNG Mainz, Neustadt: Gemütliche Wohnung zum Tausch;740;/s-anzeige/tauschwohnung-mainz-neustadt-gemuetliche-wohnung-zum-tausch/3409013138-203-5325;Tauschwohnung;65.0;3.0;11.38;5.99;34.49
3326523718;TAUSCHWOHNUNG Tausche 2-Zimmer-Wohnung in Mainz, Neustadt;450;/s-anzeige/tauschwohnung-tausche-2-zimmer-wohnung-in-mainz-neustadt/3326523718-203-5325;Tauschwohnung;55.0;2.0;8.18;9.19;52.91
3435516336;1-Zimmer-Apartment in der Mainzer Neustadt (bezugsfertig);750;/s-anzeige/1-zimmer-apartment-in-der-mainzer-neustadt-bezugsfertig-/3435516336-203-5325;Apartment;27.5;1.0;27.27;-9.9;-56.99
3382286838;TAUSCHWOHNUNG 1,5-Zimmer-Flat in Mainz Hartenberg-Münchfeld;740;/s-anzeige/tauschwohnung-1-5-zimmer-flat-in-mainz-hartenberg-muenchfeld/3382286838-203-5322;Tauschwohnung;45.0;1.5;16.44;0.93;5.36
3409013108;TAUSCHWOHNUNG Sonnige 3,5-Zimmerwohnung mit Balkon in Gonsenheim;950;/s-anzeige/tauschwohnung-sonnige-3-5-zimmerwohnung-mit-balkon-in-gonsenheim/3409013108-203-5318;Tauschwohnung;80.0;3.5;11.88;5.49;31.61
3354123832;TAUSCHWOHNUNG 3-Zimmer-Flat in Mainz Altstadt zur Miete;1010;/s-anzeige/tauschwohnung-3-zimmer-flat-in-mainz-altstadt-zur-miete/3354123832-203-5326;Tauschwohnung;105.0;3.0;9.62;7.75;44.62
3408822904;3-Zimmerwohnung in Mainz (Neubaugebiet);1395;/s-anzeige/3-zimmerwohnung-in-mainz-neubaugebiet-/3408822904-203-5316;Apartment;90.4;3.0;15.43;1.94;11.17
3435003876;helle 2 ZKB Wohnung, einziehen und sich wohl fühlen!;750;/s-anzeige/helle-2-zkb-wohnung-einziehen-und-sich-wohl-fuehlen-/3435003876-203-5320;Apartment;64.0;2.0;11.72;5.65;32.53
3434998325;Charmante 2 Zimmer-Wohnung in Mainz-Hechtsheim Ruhig gelegen;750;/s-anzeige/charmante-2-zimmer-wohnung-in-mainz-hechtsheim-ruhig-gelegen/3434998325-203-5324;Apartment;52.0;2.0;14.42;2.95;16.99
3382297181;TAUSCHWOHNUNG Gemütliche Wohnung in Mainz-Finthen;1000;/s-anzeige/tauschwohnung-gemuetliche-wohnung-in-mainz-finthen/3382297181-203-5319;Tauschwohnung;80.0;3.0;12.5;4.87;28.04
3354825033;Wohnungsswap - 2 Zimmer, 55 m² - Lauterenstraße, Mainz;820;/s-anzeige/wohnungsswap-2-zimmer-55-m-lauterenstrasse-mainz/3354825033-203-5326;Apartment;55.0;2.0;14.91;2.46;14.17
3139308459;TAUSCHWOHNUNG 3ZKB Wohnung Mainz-Oberstadt + Parkplatz;859;/s-anzeige/tauschwohnung-3zkb-wohnung-mainz-oberstadt-parkplatz/3139308459-203-5317;Tauschwohnung;75.0;3.0;11.45;5.92;34.09
3434681450;TAUSCHWOHNUNG Mainz, Neustadt: Gemütliche 1,5-Zimmer-Wohnung;410;/s-anzeige/tauschwohnung-mainz-neustadt-gemuetliche-1-5-zimmer-wohnung/3434681450-203-5325;Tauschwohnung;32.0;1.5;12.81;4.56;26.26
3434621200;Neubau 4ZKBB in Mainz Brtzeheim;1850;/s-anzeige/neubau-4zkbb-in-mainz-brtzeheim/3434621200-203-5321;Apartment;75.0;4.0;24.67;-7.3;-42.02
3434492237;Nur für Studenten : 1-Zimmer-Apartment im Studentenwohnheim Mainz;754;/s-anzeige/nur-fuer-studenten-1-zimmer-apartment-im-studentenwohnheim-mainz/3434492237-203-5322;Apartment;25.0;1.0;30.16;-12.79;-73.62
3434212160;Hochwertige 2-Zimmer-Wohnung mit EBK in zentraler Innenstadtlage;860;/s-anzeige/hochwertige-2-zimmer-wohnung-mit-ebk-in-zentraler-innenstadtlage/3434212160-203-5326;Apartment;40.0;2.0;21.5;-4.13;-23.77
3434189077;Kellerwohnung zu vermieten  In Saulheim 55291;750;/s-anzeige/kellerwohnung-zu-vermieten-in-saulheim-55291/3434189077-203-5321;Apartment;30.0;2.0;25.0;-7.63;-43.92
3298254732;TAUSCHWOHNUNG Helle 1,5-Zimmer-Wohnung auf der Kupferbergterasse;680;/s-anzeige/tauschwohnung-helle-1-5-zimmer-wohnung-auf-der-kupferbergterasse/3298254732-203-5326;Tauschwohnung;37.0;1.5;18.38;-1.01;-5.81
3434002676;Schöne 37m2 Wohnung in Mainz-Neustadt - Top Lage!;860;/s-anzeige/schoene-37m2-wohnung-in-mainz-neustadt-top-lage-/3434002676-203-5325;Apartment;37.0;1.0;23.24;-5.87;-33.79
3433816928;3-Zimmer Wohnung in Weisenau;1570;/s-anzeige/3-zimmer-wohnung-in-weisenau/3433816928-203-5316;Apartment;90.0;3.0;17.44;-0.07;-0.4
3433788637;Klimatisierte Wohnung 108 m2 in Gonsenheim;1800;/s-anzeige/klimatisierte-wohnung-108-m2-in-gonsenheim/3433788637-203-5318;Apartment;108.0;4.0;16.67;0.7;4.03
3433774517;TAUSCHWOHNUNG 2-Zimmer-Wohnung in der Altstadt tauschen;900;/s-anzeige/tauschwohnung-2-zimmer-wohnung-in-der-altstadt-tauschen/3433774517-203-5326;Tauschwohnung;56.0;2.0;16.07;1.3;7.49
3433706177;1-Zimmer-Wohnung in Mainz-Neustadt ab 01.10.2026;795;/s-anzeige/1-zimmer-wohnung-in-mainz-neustadt-ab-01-10-2026/3433706177-203-5325;Apartment;35.0;1.0;22.71;-5.34;-30.74
3433505363;Günstiger 1 Zimmer Wohnung;380;/s-anzeige/guenstiger-1-zimmer-wohnung/3433505363-203-5316;Apartment;23.5;1.0;16.17;1.2;6.91
3433208273;Platz für das Homeoffice: 3-Zimmer Wohnung mit Einbauküche und Fußbodenheizung;1255;/s-anzeige/platz-fuer-das-homeoffice-3-zimmer-wohnung-mit-einbaukueche-und-fussbodenheizung/3433208273-203-5316;Apartment;90.79;3.0;13.82;3.55;20.44
3433179687;Vermiete sanierte 3-Zi-Wohnung Mz-Lerchenberg, 75qm;1190;/s-anzeige/vermiete-sanierte-3-zi-wohnung-mz-lerchenberg-75qm/3433179687-203-5320;Apartment;75.0;3.0;15.87;1.5;8.64
3432966352;TAUSCHWOHNUNG Mainz, Altstadt: Charmante Wohnung zur Miete;990;/s-anzeige/tauschwohnung-mainz-altstadt-charmante-wohnung-zur-miete/3432966352-203-5326;Tauschwohnung;41.0;1.5;24.15;-6.78;-39.03
3432928392;Helle 3-Zimmer-Wohnung mit großem Balkon und traumhaftem Blick über Mainz;962;/s-anzeige/helle-3-zimmer-wohnung-mit-grossem-balkon-und-traumhaftem-blick-ueber-mainz/3432928392-203-5322;Apartment;83.72;3.0;11.49;5.88;33.85
3432897744;Ein-Zimmer-Wohnung in Mainzer Wohnheim;361;/s-anzeige/ein-zimmer-wohnung-in-mainzer-wohnheim/3432897744-203-5321;Apartment;17.0;1.0;21.24;-3.87;-22.27
3380303370;TAUSCHWOHNUNG Tausche 2-Zimmer-Flat mit Balkon in Mainz Neustadt;580;/s-anzeige/tauschwohnung-tausche-2-zimmer-flat-mit-balkon-in-mainz-neustadt/3380303370-203-5325;Tauschwohnung;58.0;2.0;10.0;7.37;42.43
3432746750;TAUSCHWOHNUNG 72 m² Wohnung in Mainz, Altstadt;1000;/s-anzeige/tauschwohnung-72-m-wohnung-in-mainz-altstadt/3432746750-203-5326;Tauschwohnung;72.0;2.0;13.89;3.48;20.04
3136568693;TAUSCHWOHNUNG 1ZKB in der Oberstadt;600;/s-anzeige/tauschwohnung-1zkb-in-der-oberstadt/3136568693-203-5326;Tauschwohnung;28.0;1.0;21.43;-4.06;-23.37
3406527576;TAUSCHWOHNUNG Charmante 3-Zimmer-Wohnung in Mainz Altstadt;980;/s-anzeige/tauschwohnung-charmante-3-zimmer-wohnung-in-mainz-altstadt/3406527576-203-5326;Tauschwohnung;68.0;3.0;14.41;2.96;17.05
3406527989;TAUSCHWOHNUNG Zentrale 1-Zimmer-Wohnung in Mainzer Altstadt (Schillerplatz;485;/s-anzeige/tauschwohnung-zentrale-1-zimmer-wohnung-in-mainzer-altstadt-schillerplatz/3406527989-203-5326;Tauschwohnung;32.0;1.0;15.16;2.21;12.73
3406084234;Helle und geräumige Gartengeschoss-Wohnung im Herzen von Finthen;840;/s-anzeige/helle-und-geraeumige-gartengeschoss-wohnung-im-herzen-von-finthen/3406084234-203-5319;Apartment;69.8;3.0;12.03;5.34;30.75
3408194523;"Voll möbliertes Apartment in Mainz | Ideal für Berufstätige &amp; Expats";850;/s-anzeige/voll-moebliertes-apartment-in-mainz-ideal-fuer-berufstaetige-expats/3408194523-203-5323;Apartment;41.0;1.0;20.73;-3.36;-19.34
3432335484;Charmante 2-Zimmer-Wohnung mit Balkon;892;/s-anzeige/charmante-2-zimmer-wohnung-mit-balkon/3432335484-203-5317;Apartment;61.47;2.0;14.51;2.86;16.47
3432325131;Moderne 2-Zimmer-Wohnung mit Balkon am Hauptbahnhof Mainz;715;/s-anzeige/moderne-2-zimmer-wohnung-mit-balkon-am-hauptbahnhof-mainz/3432325131-203-5325;Apartment;56.0;2.0;12.77;4.6;26.49
3432320974;Geräumige 3-Zimmer-Erdgeschosswohnung mit Balkon;976;/s-anzeige/geraeumige-3-zimmer-erdgeschosswohnung-mit-balkon/3432320974-203-5317;Apartment;69.77;3.0;13.99;3.38;19.46
3432268497;TAUSCHWOHNUNG Große 4-Zimmer-Flat in Mainz Altstadt;900;/s-anzeige/tauschwohnung-grosse-4-zimmer-flat-in-mainz-altstadt/3432268497-203-5326;Tauschwohnung;84.0;4.0;10.71;6.66;38.35
3432196185;2 ZKBBalkon Wohnung PKW-Abstellplatz in Mainz Hechtsheim;1050;/s-anzeige/2-zkbbalkon-wohnung-pkw-abstellplatz-in-mainz-hechtsheim/3432196185-203-5324;Apartment;50.0;2.0;21.0;-3.63;-20.89
3432176189;Charmante Wohnung Nähe Schillerplatz;1200;/s-anzeige/charmante-wohnung-naehe-schillerplatz/3432176189-203-5326;Apartment;50.0;2.0;24.0;-6.63;-38.16
3432154614;TAUSCHWOHNUNG Schöne 2-Zimmer Wohnung in der Neustadt zum Tausch;700;/s-anzeige/tauschwohnung-schoene-2-zimmer-wohnung-in-der-neustadt-zum-tausch/3432154614-203-5325;Tauschwohnung;57.0;2.0;12.28;5.09;29.31
3432147256;37m2 Wohnung in Mainz Neustadt zu vermieten - Top Lage!;860;/s-anzeige/37m2-wohnung-in-mainz-neustadt-zu-vermieten-top-lage-/3432147256-203-5325;Apartment;37.0;1.0;23.24;-5.87;-33.79
3432127331;voll möbliertes Zimmer (22m²) in einer freundlichen 5er-WG;650;/s-anzeige/voll-moebliertes-zimmer-22m-in-einer-freundlichen-5er-wg/3432127331-203-5319;WG;22.0;1.0;29.55;-12.18;-70.11
3432056914;TAUSCHWOHNUNG Mainz, Wohnung mit großem Innenhof;1010;/s-anzeige/tauschwohnung-mainz-wohnung-mit-grossem-innenhof/3432056914-203-5323;Tauschwohnung;74.0;2.5;13.65;3.72;21.42
3406880073;Ideal für Singles oder Paare! Genütliche 2-Zimmer-Wohnung mit Balkon!;1120;/s-anzeige/ideal-fuer-singles-oder-paare-genuetliche-2-zimmer-wohnung-mit-balkon-/3406880073-203-5316;Apartment;64.17;2.0;17.45;-0.08;-0.46
3431750932;Zwischenmiete Wohnung 01.08 bis 28.09;744;/s-anzeige/zwischenmiete-wohnung-01-08-bis-28-09/3431750932-203-5321;Apartment;36.0;2.0;20.67;-3.3;-18.99
3427920250;Großzügige Wohnung in Mainz-Finthen, teilmöbliert und renoviert!;1250;/s-anzeige/grosszuegige-wohnung-in-mainz-finthen-teilmoebliert-und-renoviert-/3427920250-203-5319;Apartment;107.0;3.0;11.68;5.69;32.76
3406893714;Modern möblierter Wohnkomfort: 1 Zimmer mit EBK;670;/s-anzeige/modern-moeblierter-wohnkomfort-1-zimmer-mit-ebk/3406893714-203-5326;Apartment;30.05;1.0;22.3;-4.93;-28.38
3431424885;OBERSTADT - Der Klassiker: 2 Zimmer, Küche, Tageslicht-Badezimmer;650;/s-anzeige/oberstadt-der-klassiker-2-zimmer-kueche-tageslicht-badezimmer/3431424885-203-5317;Apartment;43.0;2.0;15.12;2.25;12.96
3431382761;2-Zimmer Maisonette-Wohnung in Mainz Mombach;1200;/s-anzeige/2-zimmer-maisonette-wohnung-in-mainz-mombach/3431382761-203-5323;Apartment;61.6;1.0;19.48;-2.11;-12.14
3431319102;TAUSCHWOHNUNG Mainz, Altstadt: Charmante 2-Zimmer-Wohnung;940;/s-anzeige/tauschwohnung-mainz-altstadt-charmante-2-zimmer-wohnung/3431319102-203-5326;Tauschwohnung;50.0;2.0;18.8;-1.43;-8.23
3430482155;TAUSCHWOHNUNG Mainz, Mombach: 2-Zimmer-Wohnung, 56 m²;484;/s-anzeige/tauschwohnung-mainz-mombach-2-zimmer-wohnung-56-m-/3430482155-203-5323;Tauschwohnung;56.0;2.0;8.64;8.73;50.26
3430480277;TAUSCHWOHNUNG Mainz, Neustadt: Großzügige 3-Zimmer-Wohnung;1800;/s-anzeige/tauschwohnung-mainz-neustadt-grosszuegige-3-zimmer-wohnung/3430480277-203-5325;Tauschwohnung;107.0;3.0;16.82;0.55;3.17
3430480271;TAUSCHWOHNUNG Mainz Weisenau: 80 m² Wohnung zum Tausch;1400;/s-anzeige/tauschwohnung-mainz-weisenau-80-m-wohnung-zum-tausch/3430480271-203-5316;Tauschwohnung;80.0;3.0;17.5;-0.13;-0.74
3376433773;TAUSCHWOHNUNG 3-Zimmer-Wohnung in Mainz Neustadt zum Tausch;1050;/s-anzeige/tauschwohnung-3-zimmer-wohnung-in-mainz-neustadt-zum-tausch/3376433773-203-5325;Tauschwohnung;65.0;3.0;16.15;1.22;7.03
3320579415;TAUSCHWOHNUNG Wohnung 50m von Rhein und ruhiger Balkon;780;/s-anzeige/tauschwohnung-wohnung-50m-von-rhein-und-ruhiger-balkon/3320579415-203-5325;Tauschwohnung;61.0;2.0;12.79;4.58;26.37
3430157696;Modern wohnen: Stilvolle 2-Zimmer-Wohnung;564;/s-anzeige/modern-wohnen-stilvolle-2-zimmer-wohnung/3430157696-203-5317;Apartment;40.7;2.0;13.86;3.51;20.21
3430153718;Charmante 2-Zimmer-Wohnung in zentraler Lage;719;/s-anzeige/charmante-2-zimmer-wohnung-in-zentraler-lage/3430153718-203-5317;Apartment;50.64;2.0;14.2;3.17;18.25
3430127824;Maisonettewohnung mit Dachterrasse! - 3 Zimmer, Wannenbad, TG-Stellplatz;920;/s-anzeige/maisonettewohnung-mit-dachterrasse-3-zimmer-wannenbad-tg-stellplatz/3430127824-203-5321;Apartment;68.11;3.0;13.51;3.86;22.23
3320679331;TAUSCHWOHNUNG Wohnung zu tauschen;800;/s-anzeige/tauschwohnung-wohnung-zu-tauschen/3320679331-203-5321;Tauschwohnung;65.0;2.5;12.31;5.06;29.13
3430055129;2 Zimmer Wohnung ab sofort Frei;1100;/s-anzeige/2-zimmer-wohnung-ab-sofort-frei/3430055129-203-5316;Apartment;45.0;2.0;24.44;-7.07;-40.69
3429988081;Tausche 2-ZKB mit Balkon gegen 4 Zimmer oder Haus in Mainz o WI;622;/s-anzeige/tausche-2-zkb-mit-balkon-gegen-4-zimmer-oder-haus-in-mainz-o-wi/3429988081-203-5324;Apartment;62.0;2.0;10.03;7.34;42.26
3376641439;3er WG Zimmer mit Wohnküche und Garten;550;/s-anzeige/3er-wg-zimmer-mit-wohnkueche-und-garten/3376641439-203-5316;WG;55.0;4.0;10.0;7.37;42.43
3429650848;Schöne 2‑Zimmer‑Wohnung in Mainz‑Mombach zur Übernahme ab 31.08.2;717;/s-anzeige/schoene-2-zimmer-wohnung-in-mainz-mombach-zur-uebernahme-ab-31-08-2/3429650848-203-5323;Apartment;62.4;2.0;11.49;5.88;33.85
3429495238;3 Zimmer Wohnung in Mainz-Oberstadt;1050;/s-anzeige/3-zimmer-wohnung-in-mainz-oberstadt/3429495238-203-5317;Apartment;63.0;3.0;16.67;0.7;4.03
3375590476;TAUSCHWOHNUNG 2-Zimmer-Wohnung in Mainz Marienborn zum Tausch;600;/s-anzeige/tauschwohnung-2-zimmer-wohnung-in-mainz-marienborn-zum-tausch/3375590476-203-5320;Tauschwohnung;60.0;2.0;10.0;7.37;42.43
3429077202;Gonsenheim Penthouse Wohnung zur Miete;1500;/s-anzeige/gonsenheim-penthouse-wohnung-zur-miete/3429077202-203-5322;Apartment;109.0;2.5;13.76;3.61;20.79
3428745586;2 Zimmer Wohnung ;800;/s-anzeige/2-zimmer-wohnung-/3428745586-203-5321;Apartment;52.3;2.0;15.3;2.07;11.92
3428726814; 1-Zimmer Wohnung in Mainz zur Untermiete;600;/s-anzeige/-1-zimmer-wohnung-in-mainz-zur-untermiete/3428726814-203-5320;Apartment;38.0;1.0;15.79;1.58;9.1
3428325510;Haustierfreundliche 3-Zimmer-Wohnung kurzfristig verfügbar;1530;/s-anzeige/haustierfreundliche-3-zimmer-wohnung-kurzfristig-verfuegbar/3428325510-203-5316;Apartment;73.0;3.0;20.96;-3.59;-20.66
3108105869;TAUSCHWOHNUNG Schöne zentrale 1 Zimmer Wohnung zum Hinterhof;440;/s-anzeige/tauschwohnung-schoene-zentrale-1-zimmer-wohnung-zum-hinterhof/3108105869-203-5326;Tauschwohnung;25.0;1.0;17.6;-0.23;-1.32
3401708306;TAUSCHWOHNUNG Tausche meine Mainz-Oberstadt Flat gegen 1-2 Zimmer in Mainz;920;/s-anzeige/tauschwohnung-tausche-meine-mainz-oberstadt-flat-gegen-1-2-zimmer-in-mainz/3401708306-203-5317;Tauschwohnung;70.0;3.0;13.14;4.23;24.36
3401701296;TAUSCHWOHNUNG Wohnungstausch in Mainz: Neustadt gegen Größere;400;/s-anzeige/tauschwohnung-wohnungstausch-in-mainz-neustadt-gegen-groessere/3401701296-203-5325;Tauschwohnung;30.0;1.0;13.33;4.04;23.26
3427908884;Renoviertes und vollausgestattetes Apartment in Top Lage!;650;/s-anzeige/renoviertes-und-vollausgestattetes-apartment-in-top-lage-/3427908884-203-5322;Apartment;18.0;1.0;36.11;-18.74;-107.88
3108099701;TAUSCHWOHNUNG Tausche 3-ZKB in Mainz Altstadt (Top Lage) gegen 4/5-ZKB;750;/s-anzeige/tauschwohnung-tausche-3-zkb-in-mainz-altstadt-top-lage-gegen-4-5-zkb/3108099701-203-5326;Tauschwohnung;65.0;3.0;11.54;5.83;33.57
3427888408;2,5 Zimmerwohnung in Mainz-Neustadt;1075;/s-anzeige/2-5-zimmerwohnung-in-mainz-neustadt/3427888408-203-5325;Apartment;62.0;2.5;17.34;0.03;0.18
3427631340;Exklusive Altstadtwohnung mit Domblick – 2-Zimmer - Erstbezug ;1390;/s-anzeige/exklusive-altstadtwohnung-mit-domblick-2-zimmer-erstbezug-/3427631340-203-5326;Apartment;70.0;2.0;19.86;-2.49;-14.33
3427625407;Exklusiver Erstbezug – 2-Zimmer-Wohnung in Mainzer Altstadt ;1100;/s-anzeige/exklusiver-erstbezug-2-zimmer-wohnung-in-mainzer-altstadt-/3427625407-203-5326;Apartment;49.0;2.0;22.45;-5.08;-29.24
3427319725;Kernsanierte 1-Zimmer-Wohnung Mainz-Marienborn ab 15.07.2026;550;/s-anzeige/kernsanierte-1-zimmer-wohnung-mainz-marienborn-ab-15-07-2026/3427319725-203-5320;Apartment;30.0;1.0;18.33;-0.96;-5.52
3364502903;Möbliertes City-Apartment mit Wintergarten;715;/s-anzeige/moebliertes-city-apartment-mit-wintergarten/3364502903-203-5326;Apartment;34.98;1.0;20.44;-3.07;-17.67
3400864644;TAUSCHWOHNUNG 3-Zi Altstadt Mainz mit Terrasse – Tausch Frankfurt West;940;/s-anzeige/tauschwohnung-3-zi-altstadt-mainz-mit-terrasse-tausch-frankfurt-west/3400864644-203-5326;Tauschwohnung;74.0;3.0;12.7;4.67;26.89
3427097653;Schönes Apartment in ruhiger Lage in Mainz-Bretzenheim;620;/s-anzeige/schoenes-apartment-in-ruhiger-lage-in-mainz-bretzenheim/3427097653-203-5321;Apartment;29.0;1.0;21.38;-4.01;-23.08
3426963952;ANFRAGENSTOP 1-Zimmer-Wohnung in Mainz Drais;330;/s-anzeige/anfragenstop-1-zimmer-wohnung-in-mainz-drais/3426963952-203-5320;Apartment;35.0;1.0;9.43;7.94;45.71
3426973563;Wohnungsswap - 3 Zimmer, 65 m² - Forsterstraße, Mainz;1050;/s-anzeige/wohnungsswap-3-zimmer-65-m-forsterstrasse-mainz/3426973563-203-5325;Apartment;65.0;3.0;16.15;1.22;7.03
3401266532;Außergewöhnliches Loft-Appartment am Zollhafen in Mainz;1500;/s-anzeige/aussergewoehnliches-loft-appartment-am-zollhafen-in-mainz/3401266532-203-5323;Apartment;100.0;1.0;15.0;2.37;13.65
3426777798;Zimmer in 2er WG in Mainz Neustadt (befristet für 6 Monate);500;/s-anzeige/zimmer-in-2er-wg-in-mainz-neustadt-befristet-fuer-6-monate-/3426777798-203-5325;WG;55.0;14.0;9.09;8.28;47.67
3426774486;Charmante 3,5-Zimmer-Maisonette mit großer Dachterrasse in HaMü;1350;/s-anzeige/charmante-3-5-zimmer-maisonette-mit-grosser-dachterrasse-in-hamue/3426774486-203-5322;Apartment;90.0;3.5;15.0;2.37;13.65
3426636577;1.Zimmer Appartement 500 Warm in Selzen ( Nähe Mainz);500;/s-anzeige/1-zimmer-appartement-500-warm-in-selzen-naehe-mainz-/3426636577-203-5321;Apartment;30.0;1.0;16.67;0.7;4.03
3426418401;Wunderschöne 3-Zimmer-Wohnung am Mainzer Zollhafen;1700;/s-anzeige/wunderschoene-3-zimmer-wohnung-am-mainzer-zollhafen/3426418401-203-5325;Apartment;83.0;3.0;20.48;-3.11;-17.9
3426290661;Helle Wohnung im 1. Obergeschoss in zentraler Mainzer Lage;700;/s-anzeige/helle-wohnung-im-1-obergeschoss-in-zentraler-mainzer-lage/3426290661-203-5326;Apartment;50.11;2.0;13.97;3.4;19.58
3426000510;All inclusive: renov., voll möbl. 1-Z-Wohng, gehobene Ausstattung;850;/s-anzeige/all-inclusive-renov-voll-moebl-1-z-wohng-gehobene-ausstattung/3426000510-203-5322;Apartment;33.0;1.0;25.76;-8.39;-48.29
3311733662;1-Zimmer-Wohnung mit großem Balkon und Weitblick über Mainz;493;/s-anzeige/1-zimmer-wohnung-mit-grossem-balkon-und-weitblick-ueber-mainz/3311733662-203-5322;Apartment;32.38;1.0;15.23;2.14;12.32
3343840606;TAUSCHWOHNUNG Gemütliche 1.5 Zimmer Wohnung Neustadt MZ;550;/s-anzeige/tauschwohnung-gemuetliche-1-5-zimmer-wohnung-neustadt-mz/3343840606-203-5325;Tauschwohnung;36.0;1.0;15.28;2.09;12.04
3389535462;"Großzügige 4-Zimmer-Wohnung mit langem Balkon – ideal für Paare &amp; Familien im 4. Obergeschoss";1773;/s-anzeige/grosszuegige-4-zimmer-wohnung-mit-langem-balkon-ideal-fuer-paare-familien-im-4-obergeschoss/3389535462-203-5317;Apartment;98.42;4.0;18.01;-0.64;-3.68
3425553667;Exklusiver Erstbezug: 3 ZKB mit großer Dachterrasse und Panoramablick über Mainz bis zur Skyline;1400;/s-anzeige/exklusiver-erstbezug-3-zkb-mit-grosser-dachterrasse-und-panoramablick-ueber-mainz-bis-zur-skyline/3425553667-203-5324;Apartment;65.0;3.0;21.54;-4.17;-24.0
3425325430;MAINZ-DRAIS - traumhafte Wohnung mit Altbaucharm - 4 Zimmer, große Küche, Bad;995;/s-anzeige/mainz-drais-traumhafte-wohnung-mit-altbaucharm-4-zimmer-grosse-kueche-bad/3425325430-203-5320;Apartment;110.0;4.0;9.05;8.32;47.9
3399197771;TAUSCHWOHNUNG schöne Einzimmerwohnung zum Tausch mit WG-Zimmer/Apartment;495;/s-anzeige/tauschwohnung-schoene-einzimmerwohnung-zum-tausch-mit-wg-zimmer-apartment/3399197771-203-5322;Tauschwohnung;37.0;1.5;13.38;3.99;22.97
3013882723;Schön hier zu wohnen.;963;/s-anzeige/schoen-hier-zu-wohnen-/3013882723-203-5322;Apartment;65.54;2.0;14.69;2.68;15.43
3425013186;Modernisierte Dachgeschosswohnung in Mainz-Finthen - hell, ruhig und charmant;1350;/s-anzeige/modernisierte-dachgeschosswohnung-in-mainz-finthen-hell-ruhig-und-charmant/3425013186-203-5319;Apartment;74.0;4.0;18.24;-0.87;-5.0
3424919443;Mein Zimmer zur Untervermietung in einer 2-er WG;550;/s-anzeige/mein-zimmer-zur-untervermietung-in-einer-2-er-wg/3424919443-203-5326;WG;20.0;1.0;27.5;-10.13;-58.31
3399725590;Wohnungsswap - 1 Zimmer, 34 m² - Rheinstraße, Mainz;510;/s-anzeige/wohnungsswap-1-zimmer-34-m-rheinstrasse-mainz/3399725590-203-5326;Apartment;34.0;1.0;15.0;2.37;13.65
3424597526;Blick auf den Zollhafen! Traumhafte 3-ZKB mit Klimaanlage;2201;/s-anzeige/blick-auf-den-zollhafen-traumhafte-3-zkb-mit-klimaanlage/3424597526-203-5325;Apartment;107.0;3.0;20.57;-3.2;-18.42
3424557747;Juristin sucht 2-Zimmer-Wohnung in Mainz;900;/s-anzeige/juristin-sucht-2-zimmer-wohnung-in-mainz/3424557747-203-5319;Apartment;50.0;2.0;18.0;-0.63;-3.62
3424218947;WG Zimmer im 2er Frauen wg;580;/s-anzeige/wg-zimmer-im-2er-frauen-wg/3424218947-203-5322;WG;20.0;2.0;29.0;-11.63;-66.95
3424071090;Zimmer in 2er WG mit Dachterasse und Wintergarten;510;/s-anzeige/zimmer-in-2er-wg-mit-dachterasse-und-wintergarten/3424071090-203-5322;WG;33.0;14.0;15.45;1.92;11.06
3424061184;TAUSCHWOHNUNG 4-Zimmer-Wohnung in der Neustadt;836;/s-anzeige/tauschwohnung-4-zimmer-wohnung-in-der-neustadt/3424061184-203-5325;Tauschwohnung;77.0;4.0;10.86;6.51;37.48
3424058013;TAUSCHWOHNUNG Günstige 2-Zi.-Whg. Neustadt gegen 3+ Zi. Oberstadt;600;/s-anzeige/tauschwohnung-guenstige-2-zi-whg-neustadt-gegen-3-zi-oberstadt/3424058013-203-5325;Tauschwohnung;53.0;2.0;11.32;6.05;34.83
3423994827;Kurzfristige Untervermietung : short term rental 2.5 months;1200;/s-anzeige/kurzfristige-untervermietung-short-term-rental-2-5-months/3423994827-203-5316;Apartment;90.0;3.0;13.33;4.04;23.26
3423922786;2 Zimmer Wohnung in Mainz Finthen zu vermieten, 85qm, 2 Zi;1550;/s-anzeige/2-zimmer-wohnung-in-mainz-finthen-zu-vermieten-85qm-2-zi/3423922786-203-5319;Apartment;85.0;2.0;18.24;-0.87;-5.0
3370520995;Tolle 3-Zimmer-Wohnung in Mainz-Oberstadt zu vermieten;860;/s-anzeige/tolle-3-zimmer-wohnung-in-mainz-oberstadt-zu-vermieten/3370520995-203-5317;Apartment;79.0;3.0;10.89;6.48;37.31
3123155746;Moderne 2-Zimmer-Wohnung im Hochhaus mit großzügigem Balkon;841;/s-anzeige/moderne-2-zimmer-wohnung-im-hochhaus-mit-grosszuegigem-balkon/3123155746-203-5322;Apartment;55.53;2.0;15.14;2.23;12.84
3397300550;TAUSCHWOHNUNG 1,5 Zimmer Wohnung;510;/s-anzeige/tauschwohnung-1-5-zimmer-wohnung/3397300550-203-5326;Tauschwohnung;34.0;1.5;15.0;2.37;13.65
3423213581;TAUSCHWOHNUNG Mainz, Altstadt: Charmante 2-Zimmer-Wohnung;900;/s-anzeige/tauschwohnung-mainz-altstadt-charmante-2-zimmer-wohnung/3423213581-203-5326;Tauschwohnung;65.0;2.0;13.85;3.52;20.27
3423210941;TAUSCHWOHNUNG 2-Zimmer-Wohnung in Mainz, Marienborn;1000;/s-anzeige/tauschwohnung-2-zimmer-wohnung-in-mainz-marienborn/3423210941-203-5320;Tauschwohnung;64.0;2.0;15.62;1.75;10.08
3423207951;TAUSCHWOHNUNG Gemütliche 1,5-Zimmer-Wohnung in Toplage Mainz-Neustadt;350;/s-anzeige/tauschwohnung-gemuetliche-1-5-zimmer-wohnung-in-toplage-mainz-neustadt/3423207951-203-5325;Tauschwohnung;27.0;1.5;12.96;4.41;25.39
3423207919;TAUSCHWOHNUNG Charmante Wohnung zum Tausch in Mainz;990;/s-anzeige/tauschwohnung-charmante-wohnung-zum-tausch-in-mainz/3423207919-203-5325;Tauschwohnung;69.0;3.0;14.35;3.02;17.39
3423203442;TAUSCHWOHNUNG Tausche Wohnung in Mainz-Marienborn;750;/s-anzeige/tauschwohnung-tausche-wohnung-in-mainz-marienborn/3423203442-203-5320;Tauschwohnung;45.0;2.0;16.67;0.7;4.03
3423143781;2,5 Zimmer- Erdgeschosswohnung in Mainz Laubenheim;650;/s-anzeige/2-5-zimmer-erdgeschosswohnung-in-mainz-laubenheim/3423143781-203-5316;Apartment;53.0;2.5;12.26;5.11;29.42
3422210516;Helle 3-Zimmer-Wohnung zur Zwischenmiete (01.06.–23.08.2026);1500;/s-anzeige/helle-3-zimmer-wohnung-zur-zwischenmiete-01-06-23-08-2026-/3422210516-203-5326;Apartment;84.0;3.0;17.86;-0.49;-2.82
3422111677;Studenten - Paare - Wohnung (Nur Studenten - Beschreibung lesen);372;/s-anzeige/studenten-paare-wohnung-nur-studenten-beschreibung-lesen-/3422111677-203-5321;Apartment;35.0;2.0;10.63;6.74;38.81
3422027552;TAUSCHWOHNUNG Tausche 2ZKB gegen größere Wohnung (2-3ZKB);480;/s-anzeige/tauschwohnung-tausche-2zkb-gegen-groessere-wohnung-2-3zkb-/3422027552-203-5325;Tauschwohnung;42.0;2.0;11.43;5.94;34.2
3421756002;Appartement in Mainz Bretzenheim  unmittelbar in Uninähe;700;/s-anzeige/appartement-in-mainz-bretzenheim-unmittelbar-in-uninaehe/3421756002-203-5321;Apartment;24.0;1.0;29.17;-11.8;-67.92
3421228931;Erstbezug nach Sanierung - 1-Zimmerwohnung in Uninähe;600;/s-anzeige/erstbezug-nach-sanierung-1-zimmerwohnung-in-uninaehe/3421228931-203-5322;Apartment;19.0;1.0;31.58;-14.21;-81.8
3421056312;Wohnung im iLive Ravensburg ab 25.6. bis 28.9.26;450;/s-anzeige/wohnung-im-ilive-ravensburg-ab-25-6-bis-28-9-26/3421056312-203-5324;Apartment;24.0;1.0;18.75;-1.38;-7.94
3420947187;MAINZ: 2 ZKB, EBK, Balkon, Garage, Studenten WG möglich, nahe UNI;990;/s-anzeige/mainz-2-zkb-ebk-balkon-garage-studenten-wg-moeglich-nahe-uni/3420947187-203-5319;WG;67.0;2.0;14.78;2.59;14.92
3420896430;MZ NEUSTADT: 1 ZKB, ca. 48m2, EBK, ab 01.09.2026;725;/s-anzeige/mz-neustadt-1-zkb-ca-48m2-ebk-ab-01-09-2026/3420896430-203-5325;Apartment;48.0;1.0;15.1;2.27;13.07
3420859414;Traumhafte Maisonette-Penthouse-Wohnung mit 2 großen Dachterrassen und Blick über die Stadt;1925;/s-anzeige/traumhafte-maisonette-penthouse-wohnung-mit-2-grossen-dachterrassen-und-blick-ueber-die-stadt/3420859414-203-5322;Apartment;94.82;3.0;20.3;-2.93;-16.86
3420831244;3 Zimmer Wohnung in Gonsenheim;1195;/s-anzeige/3-zimmer-wohnung-in-gonsenheim/3420831244-203-5318;Apartment;78.0;3.0;15.32;2.05;11.81
3420802848;Exklusiver Erstbezug – 2-Zimmer-Wohnung mit Domblick in Mainz;1590;/s-anzeige/exklusiver-erstbezug-2-zimmer-wohnung-mit-domblick-in-mainz/3420802848-203-5326;Apartment;80.0;2.0;19.88;-2.51;-14.44
3420794549;3-Zimmer-Erstbezug in Bestlage Mainz-Altstadt mit viel Platz;1950;/s-anzeige/3-zimmer-erstbezug-in-bestlage-mainz-altstadt-mit-viel-platz/3420794549-203-5326;Apartment;103.0;3.0;18.93;-1.56;-8.98
3395029605;Großzügige 2-Zimmer-Wohnung mit EBK, 2 Terrassen und Stellplatz in der Neustadt;1380;/s-anzeige/grosszuegige-2-zimmer-wohnung-mit-ebk-2-terrassen-und-stellplatz-in-der-neustadt/3395029605-203-5325;Apartment;70.95;2.0;19.45;-2.08;-11.97
3420715926;2-Zimmerwohnung in Harxheim;580;/s-anzeige/2-zimmerwohnung-in-harxheim/3420715926-203-5324;Apartment;45.0;2.0;12.89;4.48;25.8
3420594566;Gepflegte 2-Zimmer-Wohnung in attraktiver Lage von Mainz-Weisenau;810;/s-anzeige/gepflegte-2-zimmer-wohnung-in-attraktiver-lage-von-mainz-weisenau/3420594566-203-5316;Apartment;43.87;2.0;18.46;-1.09;-6.27
3420589000;Charmante 2-Zimmer-Wohnung mit Einbauküche in Mainz-Weisenau;820;/s-anzeige/charmante-2-zimmer-wohnung-mit-einbaukueche-in-mainz-weisenau/3420589000-203-5316;Apartment;42.15;2.0;19.45;-2.08;-11.97
3420311454;1-Zimmer-Wohnung mit Balkon in Mainz-Bretzenheim zu vermieten;700;/s-anzeige/1-zimmer-wohnung-mit-balkon-in-mainz-bretzenheim-zu-vermieten/3420311454-203-5321;Apartment;32.0;1.0;21.88;-4.51;-25.96
3419666792;Neubau-Studio mit 3ZKB in Mainz-Weisenau // Dachgeschosswohnung;1312;/s-anzeige/neubau-studio-mit-3zkb-in-mainz-weisenau-dachgeschosswohnung/3419666792-203-5316;Apartment;82.0;3.0;16.0;1.37;7.89
3419547951;TAUSCHWOHNUNG Moderne 2-Zimmer Wohnung in Mainz;870;/s-anzeige/tauschwohnung-moderne-2-zimmer-wohnung-in-mainz/3419547951-203-5322;Tauschwohnung;58.0;2.0;15.0;2.37;13.65
3419457460;Möblierte 2 Zimmer Wohnung mit Schwimmbad und Sauna im Gebäude;1120;/s-anzeige/moeblierte-2-zimmer-wohnung-mit-schwimmbad-und-sauna-im-gebaeude/3419457460-203-5321;Apartment;50.0;2.0;22.4;-5.03;-28.95
3419407187;Goldschmiedin sucht Wohnung in Mainz;950;/s-anzeige/goldschmiedin-sucht-wohnung-in-mainz/3419407187-203-5325;Apartment;50.0;2.0;19.0;-1.63;-9.38
3419322286;SONNIGE, RUHIGE, GRÜNE 2Z NÄHE UNI/HBF (AB SOFORT O. FLEXIBEL);1050;/s-anzeige/sonnige-ruhige-gruene-2z-naehe-uni-hbf-ab-sofort-o-flexibel-/3419322286-203-5317;Apartment;51.0;2.0;20.59;-3.22;-18.53
3419285508;Schicke möblierte Souterrain-Wohnung, 55 qm, in Mainz-Lerchenberg;950;/s-anzeige/schicke-moeblierte-souterrain-wohnung-55-qm-in-mainz-lerchenberg/3419285508-203-5320;Apartment;55.0;2.0;17.27;0.1;0.58
3419141856;Frisch renoviert. Ein Einzug ist sofort möglich.;950;/s-anzeige/frisch-renoviert-ein-einzug-ist-sofort-moeglich-/3419141856-203-5322;Apartment;65.0;2.0;14.62;2.75;15.84
3418604269;Wohnung zu Vermieten (Nur für 1 person);900;/s-anzeige/wohnung-zu-vermieten-nur-fuer-1-person-/3418604269-203-5316;Apartment;39.0;1.5;23.08;-5.71;-32.87
3418598462;2ZKB Wohnung Mainz Neustadt ;700;/s-anzeige/2zkb-wohnung-mainz-neustadt-/3418598462-203-5322;Apartment;45.0;2.0;15.56;1.81;10.42
3417541700;Stilvolle 2-ZKB-Wohnung mit 2 Balkonen in Mainz-Drais;1200;/s-anzeige/stilvolle-2-zkb-wohnung-mit-2-balkonen-in-mainz-drais/3417541700-203-5320;Apartment;70.0;2.0;17.14;0.23;1.33
3417382637;TAUSCHWOHNUNG Mainz, Altstadt: Schöne 2-Zimmer-Wohnung;632;/s-anzeige/tauschwohnung-mainz-altstadt-schoene-2-zimmer-wohnung/3417382637-203-5326;Tauschwohnung;56.0;2.0;11.29;6.08;35.01
3417294709;TAUSCHWOHNUNG Tausch deine 3-Zimmer-Wohnung in Mainz;700;/s-anzeige/tauschwohnung-tausch-deine-3-zimmer-wohnung-in-mainz/3417294709-203-5325;Tauschwohnung;55.0;2.0;12.73;4.64;26.72
3416995325;Renoviertes und vollausgestattetes Apartment in Top Lage!;650;/s-anzeige/renoviertes-und-vollausgestattetes-apartment-in-top-lage-/3416995325-203-5322;Apartment;18.0;1.0;36.11;-18.74;-107.88
3416782521;TAUSCHWOHNUNG Mainz, Altstadt: 2-Zimmer-Wohnung zu tauschen;1000;/s-anzeige/tauschwohnung-mainz-altstadt-2-zimmer-wohnung-zu-tauschen/3416782521-203-5326;Tauschwohnung;60.0;2.0;16.67;0.7;4.03
3416330789;Studentenzimmer Zimmer 1 Zimmer Wohnung;360;/s-anzeige/studentenzimmer-zimmer-1-zimmer-wohnung/3416330789-203-5322;Apartment;10.0;1.0;36.0;-18.63;-107.24
3415972957;ANFRAGE STOP // Dachgeschosswohnung in Mainz-Weisenau;570;/s-anzeige/anfrage-stop-dachgeschosswohnung-in-mainz-weisenau/3415972957-203-5316;Apartment;46.0;2.5;12.39;4.98;28.67
3415688529;Gemütliches 40m² Einzel-Apartment in Top-Lage Mainz;470;/s-anzeige/gemuetliches-40m-einzel-apartment-in-top-lage-mainz/3415688529-203-5320;Apartment;38.0;1.0;12.37;5.0;28.79
3388726615;TAUSCHWOHNUNG 1,5-Zimmer-Wohnung in Mainz-Bretzenheim zu tauschen;800;/s-anzeige/tauschwohnung-1-5-zimmer-wohnung-in-mainz-bretzenheim-zu-tauschen/3388726615-203-5321;Tauschwohnung;36.0;1.5;22.22;-4.85;-27.92
3414888025;TAUSCHWOHNUNG 3-Zimmer-Wohnung im beliebten Heiligkreuzviertel;1238;/s-anzeige/tauschwohnung-3-zimmer-wohnung-im-beliebten-heiligkreuzviertel/3414888025-203-5316;Tauschwohnung;89.0;3.0;13.91;3.46;19.92
3414717099;1-Zimmer Wohnung;990;/s-anzeige/1-zimmer-wohnung/3414717099-203-5325;Apartment;41.0;1.0;24.15;-6.78;-39.03
3414721723;TAUSCHWOHNUNG Biete 2-ZKB in der Neustadt mit Garten und Stellplatz;1132;/s-anzeige/tauschwohnung-biete-2-zkb-in-der-neustadt-mit-garten-und-stellplatz/3414721723-203-5325;Tauschwohnung;64.0;2.0;17.69;-0.32;-1.84
3414711099;1-Zimmer-Wohnung ;780;/s-anzeige/1-zimmer-wohnung-/3414711099-203-5325;Apartment;26.0;1.0;30.0;-12.63;-72.7
3414449701;1Zimmer Appartement in Mainz;670;/s-anzeige/1zimmer-appartement-in-mainz/3414449701-203-5322;Apartment;15.0;1.0;44.67;-27.3;-157.15
3414298503;TAUSCHWOHNUNG Mainz, Neustadt: Gemütliche Wohnung im Tausch;620;/s-anzeige/tauschwohnung-mainz-neustadt-gemuetliche-wohnung-im-tausch/3414298503-203-5325;Tauschwohnung;56.0;2.0;11.07;6.3;36.27
3414294510;Schönes Apartment;700;/s-anzeige/schoenes-apartment/3414294510-203-5317;Apartment;23.0;1.0;30.43;-13.06;-75.18
3413868021;Geräumige 5-Zimmer Wohnung in Mainz-Laubenheim;2000;/s-anzeige/geraeumige-5-zimmer-wohnung-in-mainz-laubenheim/3413868021-203-5316;Apartment;123.0;5.0;16.26;1.11;6.4
3330565480;TAUSCHWOHNUNG 2-Zimmer- Neubauwohnung in Mainz Neustadt tauschen;1100;/s-anzeige/tauschwohnung-2-zimmer-neubauwohnung-in-mainz-neustadt-tauschen/3330565480-203-5325;Tauschwohnung;59.0;2.0;18.64;-1.27;-7.31
3330221966;TAUSCHWOHNUNG Biete 2.5 Zimmer mit Garten gegen 3ZKBB;950;/s-anzeige/tauschwohnung-biete-2-5-zimmer-mit-garten-gegen-3zkbb/3330221966-203-5323;Tauschwohnung;85.0;2.5;11.18;6.19;35.64
3413708173;Wohnung zu mieten! €100/woche;400;/s-anzeige/wohnung-zu-mieten-100-woche/3413708173-203-5318;Apartment;17.0;1.0;23.53;-6.16;-35.46
3330371695;+++ WG geeignet *** Großzügige 2-Zimmer-Wohnung im Zentrum von Mainz;1175;/s-anzeige/-wg-geeignet-grosszuegige-2-zimmer-wohnung-im-zentrum-von-mainz/3330371695-203-5326;WG;75.8;2.0;15.5;1.87;10.77
3413128548;TAUSCHWOHNUNG 3,5-Zimmer-Wohnung in Mainz-Drais;460;/s-anzeige/tauschwohnung-3-5-zimmer-wohnung-in-mainz-drais/3413128548-203-5320;Tauschwohnung;60.0;3.5;7.67;9.7;55.85
3413118303;Wohnung zur Untermiete;1050;/s-anzeige/wohnung-zur-untermiete/3413118303-203-5317;Apartment;48.0;2.0;21.88;-4.51;-25.96
3412978931;TAUSCHWOHNUNG Mainz Altstadt: 3,5-Zimmer-Wohnung, 90 m²;940;/s-anzeige/tauschwohnung-mainz-altstadt-3-5-zimmer-wohnung-90-m-/3412978931-203-5326;Tauschwohnung;90.0;3.5;10.44;6.93;39.9
3412919120;TAUSCHWOHNUNG 55 m² Wohnung in Mainz, Neustadt;800;/s-anzeige/tauschwohnung-55-m-wohnung-in-mainz-neustadt/3412919120-203-5325;Tauschwohnung;55.0;2.0;14.55;2.82;16.24
3412670728;TAUSCHWOHNUNG 3-Zimmer-Wohnung in Mainz, Hechtsheim, 60 m²;500;/s-anzeige/tauschwohnung-3-zimmer-wohnung-in-mainz-hechtsheim-60-m-/3412670728-203-5324;Tauschwohnung;60.0;3.0;8.33;9.04;52.05
3412669418;TAUSCHWOHNUNG Tausch deine Wohnung in Mainz Altstadt!;1200;/s-anzeige/tauschwohnung-tausch-deine-wohnung-in-mainz-altstadt-/3412669418-203-5326;Tauschwohnung;95.0;3.0;12.63;4.74;27.29
3329052048;TAUSCHWOHNUNG Großzügige 2-Zimmer-Altbauwohnung im Herz der Neustadt (Mz.);740;/s-anzeige/tauschwohnung-grosszuegige-2-zimmer-altbauwohnung-im-herz-der-neustadt-mz-/3329052048-203-5325;Tauschwohnung;65.0;2.5;11.38;5.99;34.49
3300624348;TAUSCHWOHNUNG Helle 2-Zimmer-Wohnung in Mainz Altstadt zum Tausch;550;/s-anzeige/tauschwohnung-helle-2-zimmer-wohnung-in-mainz-altstadt-zum-tausch/3300624348-203-5326;Tauschwohnung;57.0;2.0;9.65;7.72;44.45
3410937315;"Frisch modernisierte 3-ZKB-Whg. mit EBK &amp; Balkon in Mz-Hechtsheim";1400;/s-anzeige/frisch-modernisierte-3-zkb-whg-mit-ebk-balkon-in-mz-hechtsheim/3410937315-203-5326;Apartment;91.0;3.0;15.38;1.99;11.46
3275462045;TAUSCHWOHNUNG Helle 2,5-Zimmer-Wohnung in Mainz Neustadt zum Tausch;750;/s-anzeige/tauschwohnung-helle-2-5-zimmer-wohnung-in-mainz-neustadt-zum-tausch/3275462045-203-5325;Tauschwohnung;59.0;2.5;12.71;4.66;26.83
3409539560;1-Zimmer Wohnung zur Untermiete;567;/s-anzeige/1-zimmer-wohnung-zur-untermiete/3409539560-203-5326;Apartment;32.0;1.5;17.72;-0.35;-2.01
3408697897;Mietwohnung auf Zeit (4 Monate);900;/s-anzeige/mietwohnung-auf-zeit-4-monate-/3408697897-203-5326;Apartment;50.0;2.0;18.0;-0.63;-3.62
3407998534;1-Zimmer-Wohnung in der nähe Uni;330;/s-anzeige/1-zimmer-wohnung-in-der-naehe-uni/3407998534-203-5322;Apartment;18.0;1.0;18.33;-0.96;-5.52
3407647244;2 Zimmer wohnung zu vermieten;750;/s-anzeige/2-zimmer-wohnung-zu-vermieten/3407647244-203-5323;Apartment;65.0;2.0;11.54;5.83;33.57
3407420719;2 ZKB-Wohnung mit 2 Balkonen in Mainz-Drais;850;/s-anzeige/2-zkb-wohnung-mit-2-balkonen-in-mainz-drais/3407420719-203-5320;Apartment;70.0;2.0;12.14;5.23;30.11
3380997933;TAUSCHWOHNUNG 1-Zi-Flat in Mainz Bretzenheim gegen 2-Zi-Flat;430;/s-anzeige/tauschwohnung-1-zi-flat-in-mainz-bretzenheim-gegen-2-zi-flat/3380997933-203-5321;Tauschwohnung;36.0;1.0;11.94;5.43;31.26
3406397995;Möblierte 2-Zimmer-Wohnung mit moderner Einbauküche Mainz-Mombach;900;/s-anzeige/moeblierte-2-zimmer-wohnung-mit-moderner-einbaukueche-mainz-mombach/3406397995-203-5323;Apartment;41.15;2.0;21.87;-4.5;-25.9
3406293243;Nähe Uniklinik/Bahnhof/Uni: Ruhige 2-Zimmer mit Sonnenbalkon;1250;/s-anzeige/naehe-uniklinik-bahnhof-uni-ruhige-2-zimmer-mit-sonnenbalkon/3406293243-203-5317;Apartment;56.0;2.0;22.32;-4.95;-28.49
3405931382;"1,5-ZKB-Wohnung mit Balkon &amp; Stellplatz";850;/s-anzeige/1-5-zkb-wohnung-mit-balkon-stellplatz/3405931382-203-5325;Apartment;36.0;1.5;23.61;-6.24;-35.92
3378217741;TAUSCHWOHNUNG Gemütliche, helle 1,5 Z. Wohnung mit Balkon in der Altstadt;456;/s-anzeige/tauschwohnung-gemuetliche-helle-1-5-z-wohnung-mit-balkon-in-der-altstadt/3378217741-203-5326;Tauschwohnung;34.0;1.5;13.41;3.96;22.8
3404116106;TAUSCHWOHNUNG Schöne Wohnung im 6. Stock mit Aufzug/Balkon in der Neustadt;900;/s-anzeige/tauschwohnung-schoene-wohnung-im-6-stock-mit-aufzug-balkon-in-der-neustadt/3404116106-203-5325;Tauschwohnung;78.0;3.0;11.54;5.83;33.57
3404095080;Moderne 2,5 Zimmer Erdgeschoßwohnung über 2 Etagen in Marienborn;1200;/s-anzeige/moderne-2-5-zimmer-erdgeschosswohnung-ueber-2-etagen-in-marienborn/3404095080-203-5320;Apartment;71.0;2.0;16.9;0.47;2.71
3401980048;Sonnige, ruhige 2Z mit Balkon Einzug flexibel sofort o.später;1295;/s-anzeige/sonnige-ruhige-2z-mit-balkon-einzug-flexibel-sofort-o-spaeter/3401980048-203-5321;Apartment;60.0;2.0;21.58;-4.21;-24.23
3374760184;TAUSCHWOHNUNG 1-Zimmer-Flat in Mainz Mombach für Tausch;330;/s-anzeige/tauschwohnung-1-zimmer-flat-in-mainz-mombach-fuer-tausch/3374760184-203-5323;Tauschwohnung;25.0;1.0;13.2;4.17;24.01
3401532886;MZ-Finthen: 2 ZKB, EBK, Balkon, Garage, Wannenbad, nahe UNI + FH;800;/s-anzeige/mz-finthen-2-zkb-ebk-balkon-garage-wannenbad-nahe-uni-fh/3401532886-203-5319;Apartment;61.0;2.0;13.11;4.26;24.53
3399902655;1 Zimmer wohnung;560;/s-anzeige/1-zimmer-wohnung/3399902655-203-5320;Apartment;21.0;1.0;26.67;-9.3;-53.53
3399103695;Vollmobilierte Wohnung in Mainz in der Fußgängerzone ab sofort!;1190;/s-anzeige/vollmobilierte-wohnung-in-mainz-in-der-fussgaengerzone-ab-sofort-/3399103695-203-5326;Apartment;45.0;1.5;26.44;-9.07;-52.21
3398784610;2-Zimmer Wohnung für meine Tochter 27 Jahre alt;480;/s-anzeige/2-zimmer-wohnung-fuer-meine-tochter-27-jahre-alt/3398784610-203-5319;Apartment;50.0;2.0;9.6;7.77;44.74
3236151249;TAUSCHWOHNUNG Zentral gelegene zwei Zimmer Wohnung gegen drei Zimmer;1600;/s-anzeige/tauschwohnung-zentral-gelegene-zwei-zimmer-wohnung-gegen-drei-zimmer/3236151249-203-5325;Tauschwohnung;50.0;2.0;32.0;-14.63;-84.22
3397432247;Teilmöblierte WG-geeignete 4-Zimmer-Wohnung in Rheinufernähe;1100;/s-anzeige/teilmoeblierte-wg-geeignete-4-zimmer-wohnung-in-rheinufernaehe/3397432247-203-5317;WG;75.0;4.0;14.67;2.7;15.55
3397063044;Eine 3 Zimmer Wohnung in Hamburg;1221;/s-anzeige/eine-3-zimmer-wohnung-in-hamburg/3397063044-203-5326;Apartment;75.0;3.0;16.28;1.09;6.28
3396117419;3-Zimmer-Wohnung Mainz Neustadt zum 15.05.2026;1400;/s-anzeige/3-zimmer-wohnung-mainz-neustadt-zum-15-05-2026/3396117419-203-5325;Apartment;69.0;3.0;20.29;-2.92;-16.8
3339301801;TAUSCHWOHNUNG Maisonette-Wohnung in Altbau in Villenviertel Gonsenheim;1200;/s-anzeige/tauschwohnung-maisonette-wohnung-in-altbau-in-villenviertel-gonsenheim/3339301801-203-5318;Tauschwohnung;110.0;3.0;10.91;6.46;37.19
3394121926;3 ZKBB komplett möbliert und voll ausgestattet;300;/s-anzeige/3-zkbb-komplett-moebliert-und-voll-ausgestattet/3394121926-203-5317;Apartment;85.0;2.0;3.53;13.84;79.68
3394079167;Studentenwohnheim - Möbliertes Zimmer in Mainz-Laubenheim;1550;/s-anzeige/studentenwohnheim-moebliertes-zimmer-in-mainz-laubenheim/3394079167-203-5316;Apartment;16.0;1.0;96.88;-79.51;-457.71
3303055941;Stilvolle 3-Zimmer-Neubauwohnung mit Balkon – Erstbezug am Westring;900;/s-anzeige/stilvolle-3-zimmer-neubauwohnung-mit-balkon-erstbezug-am-westring/3303055941-203-5323;Apartment;103.44;3.0;8.7;8.67;49.92
3309342177;TAUSCHWOHNUNG Renovierte 2-Zimmer-Wohnung (48 m²) in Mainz – zu tauschen;670;/s-anzeige/tauschwohnung-renovierte-2-zimmer-wohnung-48-m-in-mainz-zu-tauschen/3309342177-203-5323;Tauschwohnung;48.0;2.0;13.96;3.41;19.64
3258171885;TAUSCHWOHNUNG Mainz Nähe Domplatz 49 m2;1399;/s-anzeige/tauschwohnung-mainz-naehe-domplatz-49-m2/3258171885-203-5326;Tauschwohnung;49.0;2.0;28.55;-11.18;-64.36
3392384204;Prime Mainz Apartment – 35-tägiger Aufenthalt;1;/s-anzeige/prime-mainz-apartment-35-taegiger-aufenthalt/3392384204-203-5322;Apartment;29.0;1.0;0.03;17.34;99.83
3391935786;Wir würden gerne in Mainz wohnen;1110;/s-anzeige/wir-wuerden-gerne-in-mainz-wohnen/3391935786-203-5326;Apartment;85.0;3.0;13.06;4.31;24.82
3363371439;TAUSCHWOHNUNG Schöne 3 ZKB Wohnung, 60 m², Altbau saniert;730;/s-anzeige/tauschwohnung-schoene-3-zkb-wohnung-60-m-altbau-saniert/3363371439-203-5325;Tauschwohnung;60.0;3.0;12.17;5.2;29.94
3363372088;TAUSCHWOHNUNG Tausche 2-Zimmer in der  Neustadt gegen Wohnung mit Garten;2890;/s-anzeige/tauschwohnung-tausche-2-zimmer-in-der-neustadt-gegen-wohnung-mit-garten/3363372088-203-5325;Tauschwohnung;59.0;2.0;48.98;-31.61;-181.97
3391802109;Schicke ruhige möblierte Wohnung zentral in Mainz mit Parkplatz;550;/s-anzeige/schicke-ruhige-moeblierte-wohnung-zentral-in-mainz-mit-parkplatz/3391802109-203-5326;Apartment;62.0;2.0;8.87;8.5;48.94
3363373621;TAUSCHWOHNUNG Tausche 1-Zimmer-Flat in Mainz Bretzenheim;670;/s-anzeige/tauschwohnung-tausche-1-zimmer-flat-in-mainz-bretzenheim/3363373621-203-5321;Tauschwohnung;40.0;1.0;16.75;0.62;3.57
3363641624;TAUSCHWOHNUNG Tausche meine 2.5-Zimmer-Wohnung in Mainz Neustadt;1300;/s-anzeige/tauschwohnung-tausche-meine-2-5-zimmer-wohnung-in-mainz-neustadt/3363641624-203-5325;Tauschwohnung;60.0;2.5;21.67;-4.3;-24.75
3390314898;TAUSCHWOHNUNG Paar sucht Wohnung zwischen Mainz und Darmstadt;1076;/s-anzeige/tauschwohnung-paar-sucht-wohnung-zwischen-mainz-und-darmstadt/3390314898-203-5323;Tauschwohnung;54.0;2.0;19.93;-2.56;-14.73
3361641735;TAUSCHWOHNUNG Tausche 3-Zimmer-Flat in Mainz Weisenau;820;/s-anzeige/tauschwohnung-tausche-3-zimmer-flat-in-mainz-weisenau/3361641735-203-5316;Tauschwohnung;84.0;3.0;9.76;7.61;43.81
